{
    "images/2017_13031777/2017_13031777-cMAP_0.57143.png": 57.143,
    "images/2017_13031777/2017_13031777-cMAP_0.42857.png": 42.857,
    "images/2017_13031777/2017_13031777-cMAP_0.71429.png": 71.429,
    "images/2017_73344050/2017_73344050-cMAP_0.71429.png": 71.429,
    "images/2017_73344050/2017_73344050-cMAP_0.42857.png": 42.857,
    "images/2017_73344050/2017_73344050-cMAP_0.57143.png": 57.143,
    "images/2017_70401921/2017_70401921-cMAP_0.71429.png": 71.429,
    "images/2017_70401921/2017_70401921-cMAP_0.42857.png": 42.857,
    "images/2017_70401921/2017_70401921-cMAP_0.57143.png": 57.143,
    "images/2017_10895938/2017_10895938-cMAP_0.57143.png": 57.143,
    "images/2017_10895938/2017_10895938-cMAP_0.42857.png": 42.857,
    "images/2017_10895938/2017_10895938-cMAP_0.71429.png": 71.429,
    "images/2017_10688111/2017_10688111-cMAP_0.71429.png": 71.429,
    "images/2017_10688111/2017_10688111-cMAP_0.42857.png": 42.857,
    "images/2017_10688111/2017_10688111-cMAP_0.57143.png": 57.143,
    "images/2017_10471337/2017_10471337-cMAP_0.71429.png": 71.429,
    "images/2017_10471337/2017_10471337-cMAP_0.57143.png": 57.143,
    "images/2017_10471337/2017_10471337-cMAP_0.42857.png": 42.857,
    "images/2017_94183115/2017_94183115-cMAP_0.57143.png": 57.143,
    "images/2017_94183115/2017_94183115-cMAP_0.74129.png": 74.129,
    "images/2017_94183115/2017_94183115-cMAP_0.42857.png": 42.857
}